rel_id,from_entity_id,to_entity_id,rel_type,first_seen,last_seen,evidence_count,example_processo
33e1b85d49,PES-53ecf2e2d6,PES-93a8be4d71,citado_com,03/07/2026,03/07/2026,1,https://apublica.org/especial/jogo-perigoso-o-brasil-das-bets/
d31b69af4a,PES-2f1f156902,PES-82e029db11,citado_com,03/07/2026,03/07/2026,1,https://www.guarulhoshoje.com.br/2026/07/03/casa-da-mulher-recreio-sao-jorge-ganha-canteiros-com-plantas-e-flores-ornamentais/
dc27a7b16d,PES-2f1f156902,PES-3f6aaee60b,citado_com,03/07/2026,03/07/2026,1,https://www.guarulhoshoje.com.br/2026/07/03/casa-da-mulher-recreio-sao-jorge-ganha-canteiros-com-plantas-e-flores-ornamentais/
0549f0f190,PES-2f1f156902,PES-7018a72c0e,citado_com,03/07/2026,03/07/2026,1,https://www.guarulhoshoje.com.br/2026/07/03/casa-da-mulher-recreio-sao-jorge-ganha-canteiros-com-plantas-e-flores-ornamentais/
7bd2a1335c,PES-2f1f156902,PES-58ca9a9ad1,citado_com,03/07/2026,03/07/2026,1,https://www.guarulhoshoje.com.br/2026/07/03/casa-da-mulher-recreio-sao-jorge-ganha-canteiros-com-plantas-e-flores-ornamentais/
186b22e3b0,PES-82e029db11,PES-3f6aaee60b,citado_com,03/07/2026,03/07/2026,1,https://www.guarulhoshoje.com.br/2026/07/03/casa-da-mulher-recreio-sao-jorge-ganha-canteiros-com-plantas-e-flores-ornamentais/
528d0ef01a,PES-82e029db11,PES-7018a72c0e,citado_com,03/07/2026,03/07/2026,1,https://www.guarulhoshoje.com.br/2026/07/03/casa-da-mulher-recreio-sao-jorge-ganha-canteiros-com-plantas-e-flores-ornamentais/
523617c3e7,PES-82e029db11,PES-58ca9a9ad1,citado_com,03/07/2026,03/07/2026,1,https://www.guarulhoshoje.com.br/2026/07/03/casa-da-mulher-recreio-sao-jorge-ganha-canteiros-com-plantas-e-flores-ornamentais/
ef062ae676,PES-3f6aaee60b,PES-7018a72c0e,citado_com,03/07/2026,03/07/2026,1,https://www.guarulhoshoje.com.br/2026/07/03/casa-da-mulher-recreio-sao-jorge-ganha-canteiros-com-plantas-e-flores-ornamentais/
1261feb14f,PES-3f6aaee60b,PES-58ca9a9ad1,citado_com,03/07/2026,03/07/2026,1,https://www.guarulhoshoje.com.br/2026/07/03/casa-da-mulher-recreio-sao-jorge-ganha-canteiros-com-plantas-e-flores-ornamentais/
47a55a5b7b,PES-7018a72c0e,PES-58ca9a9ad1,citado_com,03/07/2026,03/07/2026,1,https://www.guarulhoshoje.com.br/2026/07/03/casa-da-mulher-recreio-sao-jorge-ganha-canteiros-com-plantas-e-flores-ornamentais/
6539fe0df1,PES-7f5af589d2,PES-ffff2abded,citado_com,03/07/2026,03/07/2026,2,https://www.estadao.com.br/internacional/presidente-venezuela-diz-quase-todos-chefes-de-governo-la-guaira-morreram-terremotos-npr/
ceb1e05df1,PES-7f5af589d2,PES-cea2dd199f,citado_com,03/07/2026,03/07/2026,1,https://www.estadao.com.br/internacional/presidente-venezuela-diz-quase-todos-chefes-de-governo-la-guaira-morreram-terremotos-npr/
537610fb51,PES-7f5af589d2,PES-594eee3aa8,citado_com,03/07/2026,03/07/2026,1,https://www.estadao.com.br/internacional/presidente-venezuela-diz-quase-todos-chefes-de-governo-la-guaira-morreram-terremotos-npr/
deb1520cec,PES-7f5af589d2,PES-38ee8bbba7,citado_com,03/07/2026,03/07/2026,1,https://www.estadao.com.br/internacional/presidente-venezuela-diz-quase-todos-chefes-de-governo-la-guaira-morreram-terremotos-npr/
4c2f8f4bd7,PES-7f5af589d2,PES-5fdde72085,citado_com,03/07/2026,03/07/2026,1,https://www.estadao.com.br/internacional/presidente-venezuela-diz-quase-todos-chefes-de-governo-la-guaira-morreram-terremotos-npr/
ce84058dc6,PES-ffff2abded,PES-cea2dd199f,citado_com,03/07/2026,03/07/2026,1,https://www.estadao.com.br/internacional/presidente-venezuela-diz-quase-todos-chefes-de-governo-la-guaira-morreram-terremotos-npr/
a62becb401,PES-ffff2abded,PES-594eee3aa8,citado_com,03/07/2026,03/07/2026,1,https://www.estadao.com.br/internacional/presidente-venezuela-diz-quase-todos-chefes-de-governo-la-guaira-morreram-terremotos-npr/
9a06cf7358,PES-ffff2abded,PES-38ee8bbba7,citado_com,03/07/2026,03/07/2026,1,https://www.estadao.com.br/internacional/presidente-venezuela-diz-quase-todos-chefes-de-governo-la-guaira-morreram-terremotos-npr/
b7c93687f4,PES-ffff2abded,PES-5fdde72085,citado_com,03/07/2026,03/07/2026,1,https://www.estadao.com.br/internacional/presidente-venezuela-diz-quase-todos-chefes-de-governo-la-guaira-morreram-terremotos-npr/
7ee468eb4f,PES-cea2dd199f,PES-594eee3aa8,citado_com,03/07/2026,03/07/2026,1,https://www.estadao.com.br/internacional/presidente-venezuela-diz-quase-todos-chefes-de-governo-la-guaira-morreram-terremotos-npr/
15ea252e03,PES-cea2dd199f,PES-38ee8bbba7,citado_com,03/07/2026,03/07/2026,1,https://www.estadao.com.br/internacional/presidente-venezuela-diz-quase-todos-chefes-de-governo-la-guaira-morreram-terremotos-npr/
f396d011e1,PES-cea2dd199f,PES-5fdde72085,citado_com,03/07/2026,03/07/2026,1,https://www.estadao.com.br/internacional/presidente-venezuela-diz-quase-todos-chefes-de-governo-la-guaira-morreram-terremotos-npr/
fe465e2395,PES-594eee3aa8,PES-38ee8bbba7,citado_com,03/07/2026,03/07/2026,1,https://www.estadao.com.br/internacional/presidente-venezuela-diz-quase-todos-chefes-de-governo-la-guaira-morreram-terremotos-npr/
ea544ffe1b,PES-594eee3aa8,PES-5fdde72085,citado_com,03/07/2026,03/07/2026,1,https://www.estadao.com.br/internacional/presidente-venezuela-diz-quase-todos-chefes-de-governo-la-guaira-morreram-terremotos-npr/
1b0b0e5bfe,PES-38ee8bbba7,PES-5fdde72085,citado_com,03/07/2026,03/07/2026,1,https://www.estadao.com.br/internacional/presidente-venezuela-diz-quase-todos-chefes-de-governo-la-guaira-morreram-terremotos-npr/
b94b31ebd4,PES-d80c8bf727,PES-8d156b37a6,citado_com,03/07/2026,03/07/2026,1,https://www.infobae.com/america/agencias/2026/07/03/fracia-retira-el-portaaviones-charles-de-gaulle-por-la-evolucion-favorable-de-las-conversaciones-con-iran/
d034b77e10,PES-d80c8bf727,PES-9f564a8685,citado_com,03/07/2026,03/07/2026,1,https://www.infobae.com/america/agencias/2026/07/03/fracia-retira-el-portaaviones-charles-de-gaulle-por-la-evolucion-favorable-de-las-conversaciones-con-iran/
dae7be9481,PES-d80c8bf727,PES-a28f6e404e,citado_com,03/07/2026,03/07/2026,1,https://www.infobae.com/america/agencias/2026/07/03/fracia-retira-el-portaaviones-charles-de-gaulle-por-la-evolucion-favorable-de-las-conversaciones-con-iran/
553d91c244,PES-d80c8bf727,PES-0bd226f748,citado_com,03/07/2026,03/07/2026,1,https://www.infobae.com/america/agencias/2026/07/03/fracia-retira-el-portaaviones-charles-de-gaulle-por-la-evolucion-favorable-de-las-conversaciones-con-iran/
4f2478a6cf,PES-8d156b37a6,PES-9f564a8685,citado_com,03/07/2026,03/07/2026,1,https://www.infobae.com/america/agencias/2026/07/03/fracia-retira-el-portaaviones-charles-de-gaulle-por-la-evolucion-favorable-de-las-conversaciones-con-iran/
29a8217eb9,PES-8d156b37a6,PES-a28f6e404e,citado_com,03/07/2026,03/07/2026,1,https://www.infobae.com/america/agencias/2026/07/03/fracia-retira-el-portaaviones-charles-de-gaulle-por-la-evolucion-favorable-de-las-conversaciones-con-iran/
7ab91b5fab,PES-8d156b37a6,PES-0bd226f748,citado_com,03/07/2026,03/07/2026,1,https://www.infobae.com/america/agencias/2026/07/03/fracia-retira-el-portaaviones-charles-de-gaulle-por-la-evolucion-favorable-de-las-conversaciones-con-iran/
e47beeb373,PES-9f564a8685,PES-a28f6e404e,citado_com,03/07/2026,03/07/2026,1,https://www.infobae.com/america/agencias/2026/07/03/fracia-retira-el-portaaviones-charles-de-gaulle-por-la-evolucion-favorable-de-las-conversaciones-con-iran/
41e2ab635d,PES-9f564a8685,PES-0bd226f748,citado_com,03/07/2026,03/07/2026,1,https://www.infobae.com/america/agencias/2026/07/03/fracia-retira-el-portaaviones-charles-de-gaulle-por-la-evolucion-favorable-de-las-conversaciones-con-iran/
5ed015d6a2,PES-a28f6e404e,PES-0bd226f748,citado_com,03/07/2026,03/07/2026,1,https://www.infobae.com/america/agencias/2026/07/03/fracia-retira-el-portaaviones-charles-de-gaulle-por-la-evolucion-favorable-de-las-conversaciones-con-iran/
80706ab1c7,PES-3002294391,EMP-733c5f78bc,associado_a,03/07/2026,03/07/2026,2,https://www.estadao.com.br/internacional/justica-eleitoral-peru-oficializa-vitoria-keiko-fujimori-npr/
9e54ab7c39,PES-de3b79f4f0,EMP-733c5f78bc,associado_a,03/07/2026,03/07/2026,2,https://www.estadao.com.br/internacional/justica-eleitoral-peru-oficializa-vitoria-keiko-fujimori-npr/
f5ac96ef57,PES-a82c10a4dd,EMP-733c5f78bc,associado_a,03/07/2026,03/07/2026,2,https://www.estadao.com.br/internacional/justica-eleitoral-peru-oficializa-vitoria-keiko-fujimori-npr/
73154e6d25,PES-4d667614c4,EMP-733c5f78bc,associado_a,03/07/2026,03/07/2026,2,https://www.estadao.com.br/internacional/justica-eleitoral-peru-oficializa-vitoria-keiko-fujimori-npr/
1f53f7399d,PES-c8f2be1a3a,EMP-733c5f78bc,associado_a,03/07/2026,03/07/2026,1,https://www.estadao.com.br/internacional/justica-eleitoral-peru-oficializa-vitoria-keiko-fujimori-npr/
b9a3b690a1,PES-4f9b54bf10,EMP-733c5f78bc,associado_a,03/07/2026,03/07/2026,1,https://www.estadao.com.br/internacional/justica-eleitoral-peru-oficializa-vitoria-keiko-fujimori-npr/
5d4f393fb2,PES-3002294391,PES-de3b79f4f0,citado_com,03/07/2026,03/07/2026,2,https://www.estadao.com.br/internacional/justica-eleitoral-peru-oficializa-vitoria-keiko-fujimori-npr/
49f61e79a3,PES-3002294391,PES-a82c10a4dd,citado_com,03/07/2026,03/07/2026,2,https://www.estadao.com.br/internacional/justica-eleitoral-peru-oficializa-vitoria-keiko-fujimori-npr/
93a9eb580b,PES-3002294391,PES-4d667614c4,citado_com,03/07/2026,03/07/2026,2,https://www.estadao.com.br/internacional/justica-eleitoral-peru-oficializa-vitoria-keiko-fujimori-npr/
d168626a07,PES-3002294391,PES-c8f2be1a3a,citado_com,03/07/2026,03/07/2026,1,https://www.estadao.com.br/internacional/justica-eleitoral-peru-oficializa-vitoria-keiko-fujimori-npr/
fd024fdc25,PES-3002294391,PES-4f9b54bf10,citado_com,03/07/2026,03/07/2026,1,https://www.estadao.com.br/internacional/justica-eleitoral-peru-oficializa-vitoria-keiko-fujimori-npr/
0c4d43e54b,PES-de3b79f4f0,PES-a82c10a4dd,citado_com,03/07/2026,03/07/2026,2,https://www.estadao.com.br/internacional/justica-eleitoral-peru-oficializa-vitoria-keiko-fujimori-npr/
bd91137fc7,PES-de3b79f4f0,PES-4d667614c4,citado_com,03/07/2026,03/07/2026,2,https://www.estadao.com.br/internacional/justica-eleitoral-peru-oficializa-vitoria-keiko-fujimori-npr/
eb92f8f528,PES-de3b79f4f0,PES-c8f2be1a3a,citado_com,03/07/2026,03/07/2026,1,https://www.estadao.com.br/internacional/justica-eleitoral-peru-oficializa-vitoria-keiko-fujimori-npr/
ca79e059c9,PES-de3b79f4f0,PES-4f9b54bf10,citado_com,03/07/2026,03/07/2026,1,https://www.estadao.com.br/internacional/justica-eleitoral-peru-oficializa-vitoria-keiko-fujimori-npr/
64a02bf008,PES-a82c10a4dd,PES-4d667614c4,citado_com,03/07/2026,03/07/2026,1,https://www.estadao.com.br/internacional/justica-eleitoral-peru-oficializa-vitoria-keiko-fujimori-npr/
0e6db20408,PES-a82c10a4dd,PES-c8f2be1a3a,citado_com,03/07/2026,03/07/2026,1,https://www.estadao.com.br/internacional/justica-eleitoral-peru-oficializa-vitoria-keiko-fujimori-npr/
02fe5a3811,PES-a82c10a4dd,PES-4f9b54bf10,citado_com,03/07/2026,03/07/2026,1,https://www.estadao.com.br/internacional/justica-eleitoral-peru-oficializa-vitoria-keiko-fujimori-npr/
06ef864f78,PES-4d667614c4,PES-c8f2be1a3a,citado_com,03/07/2026,03/07/2026,1,https://www.estadao.com.br/internacional/justica-eleitoral-peru-oficializa-vitoria-keiko-fujimori-npr/
d92a93c29b,PES-4d667614c4,PES-4f9b54bf10,citado_com,03/07/2026,03/07/2026,1,https://www.estadao.com.br/internacional/justica-eleitoral-peru-oficializa-vitoria-keiko-fujimori-npr/
3a9bbb74d2,PES-c8f2be1a3a,PES-4f9b54bf10,citado_com,03/07/2026,03/07/2026,1,https://www.estadao.com.br/internacional/justica-eleitoral-peru-oficializa-vitoria-keiko-fujimori-npr/
000baebbe1,PES-aa81818eb6,PES-5851e83989,citado_com,03/07/2026,03/07/2026,2,https://www.estadao.com.br/politica/flavio-diz-que-mulherada-manda-em-casa-e-no-brasil-nprp/
343e7773a6,PES-aa81818eb6,PES-87ea5cb837,citado_com,03/07/2026,03/07/2026,2,https://www.estadao.com.br/politica/flavio-diz-que-mulherada-manda-em-casa-e-no-brasil-nprp/
c53519f403,PES-aa81818eb6,PES-f4c88ed081,citado_com,03/07/2026,03/07/2026,2,https://www.estadao.com.br/politica/flavio-diz-que-mulherada-manda-em-casa-e-no-brasil-nprp/
67fd9adaaf,PES-aa81818eb6,PES-20ec44cf98,citado_com,03/07/2026,03/07/2026,2,https://www.estadao.com.br/politica/flavio-diz-que-mulherada-manda-em-casa-e-no-brasil-nprp/
52a927fe21,PES-aa81818eb6,PES-8d156b37a6,citado_com,03/07/2026,03/07/2026,1,https://www.estadao.com.br/politica/flavio-diz-que-mulherada-manda-em-casa-e-no-brasil-nprp/
fe1d3911b8,PES-5851e83989,PES-87ea5cb837,citado_com,03/07/2026,03/07/2026,2,https://www.estadao.com.br/politica/flavio-diz-que-mulherada-manda-em-casa-e-no-brasil-nprp/
9660dade4d,PES-5851e83989,PES-f4c88ed081,citado_com,03/07/2026,03/07/2026,2,https://www.estadao.com.br/politica/flavio-diz-que-mulherada-manda-em-casa-e-no-brasil-nprp/
cc47ce2f1c,PES-5851e83989,PES-20ec44cf98,citado_com,03/07/2026,03/07/2026,1,https://www.estadao.com.br/politica/flavio-diz-que-mulherada-manda-em-casa-e-no-brasil-nprp/
86b7bf0b6b,PES-5851e83989,PES-8d156b37a6,citado_com,03/07/2026,03/07/2026,1,https://www.estadao.com.br/politica/flavio-diz-que-mulherada-manda-em-casa-e-no-brasil-nprp/
fdec4e43c6,PES-87ea5cb837,PES-f4c88ed081,citado_com,03/07/2026,03/07/2026,2,https://www.estadao.com.br/politica/flavio-diz-que-mulherada-manda-em-casa-e-no-brasil-nprp/
6a17eb2859,PES-87ea5cb837,PES-20ec44cf98,citado_com,03/07/2026,03/07/2026,1,https://www.estadao.com.br/politica/flavio-diz-que-mulherada-manda-em-casa-e-no-brasil-nprp/
9c5b904e43,PES-87ea5cb837,PES-8d156b37a6,citado_com,03/07/2026,03/07/2026,1,https://www.estadao.com.br/politica/flavio-diz-que-mulherada-manda-em-casa-e-no-brasil-nprp/
e071409924,PES-f4c88ed081,PES-20ec44cf98,citado_com,03/07/2026,03/07/2026,2,https://www.estadao.com.br/politica/flavio-diz-que-mulherada-manda-em-casa-e-no-brasil-nprp/
9f194e4b72,PES-f4c88ed081,PES-8d156b37a6,citado_com,03/07/2026,03/07/2026,1,https://www.estadao.com.br/politica/flavio-diz-que-mulherada-manda-em-casa-e-no-brasil-nprp/
79b954529f,PES-20ec44cf98,PES-8d156b37a6,citado_com,03/07/2026,03/07/2026,1,https://www.estadao.com.br/politica/flavio-diz-que-mulherada-manda-em-casa-e-no-brasil-nprp/
28cd81eb78,PES-28239d6140,PES-1ec837ec07,citado_com,03/07/2026,03/07/2026,2,https://redir.folha.com.br/redir/online/emcimadahora/rss091/*https://www1.folha.uol.com.br/ilustrada/2026/07/por-que-sao-paulo-e-a-2a-cidade-do-mundo-que-mais-ouve-taylor-swift-no-spotify-e-como-casamento-pode-impulsionar-ainda-mais-suas-musicas.shtml
0d022549a4,PES-28239d6140,PES-5cbe8b23c1,citado_com,03/07/2026,03/07/2026,2,https://redir.folha.com.br/redir/online/emcimadahora/rss091/*https://www1.folha.uol.com.br/ilustrada/2026/07/por-que-sao-paulo-e-a-2a-cidade-do-mundo-que-mais-ouve-taylor-swift-no-spotify-e-como-casamento-pode-impulsionar-ainda-mais-suas-musicas.shtml
e1cc846154,PES-28239d6140,PES-2c0e876995,citado_com,03/07/2026,03/07/2026,1,https://redir.folha.com.br/redir/online/emcimadahora/rss091/*https://www1.folha.uol.com.br/ilustrada/2026/07/por-que-sao-paulo-e-a-2a-cidade-do-mundo-que-mais-ouve-taylor-swift-no-spotify-e-como-casamento-pode-impulsionar-ainda-mais-suas-musicas.shtml
0cf2153a3d,PES-28239d6140,PES-b6b6b37a62,citado_com,03/07/2026,03/07/2026,1,https://redir.folha.com.br/redir/online/emcimadahora/rss091/*https://www1.folha.uol.com.br/ilustrada/2026/07/por-que-sao-paulo-e-a-2a-cidade-do-mundo-que-mais-ouve-taylor-swift-no-spotify-e-como-casamento-pode-impulsionar-ainda-mais-suas-musicas.shtml
03ecba0699,PES-28239d6140,PES-e3eb0cd594,citado_com,03/07/2026,03/07/2026,1,https://redir.folha.com.br/redir/online/emcimadahora/rss091/*https://www1.folha.uol.com.br/ilustrada/2026/07/por-que-sao-paulo-e-a-2a-cidade-do-mundo-que-mais-ouve-taylor-swift-no-spotify-e-como-casamento-pode-impulsionar-ainda-mais-suas-musicas.shtml
32ecd435d0,PES-1ec837ec07,PES-5cbe8b23c1,citado_com,03/07/2026,03/07/2026,2,https://redir.folha.com.br/redir/online/emcimadahora/rss091/*https://www1.folha.uol.com.br/ilustrada/2026/07/por-que-sao-paulo-e-a-2a-cidade-do-mundo-que-mais-ouve-taylor-swift-no-spotify-e-como-casamento-pode-impulsionar-ainda-mais-suas-musicas.shtml
7c11328b4a,PES-1ec837ec07,PES-2c0e876995,citado_com,03/07/2026,03/07/2026,1,https://redir.folha.com.br/redir/online/emcimadahora/rss091/*https://www1.folha.uol.com.br/ilustrada/2026/07/por-que-sao-paulo-e-a-2a-cidade-do-mundo-que-mais-ouve-taylor-swift-no-spotify-e-como-casamento-pode-impulsionar-ainda-mais-suas-musicas.shtml
7cecad85e1,PES-1ec837ec07,PES-b6b6b37a62,citado_com,03/07/2026,03/07/2026,1,https://redir.folha.com.br/redir/online/emcimadahora/rss091/*https://www1.folha.uol.com.br/ilustrada/2026/07/por-que-sao-paulo-e-a-2a-cidade-do-mundo-que-mais-ouve-taylor-swift-no-spotify-e-como-casamento-pode-impulsionar-ainda-mais-suas-musicas.shtml
8be92138e9,PES-1ec837ec07,PES-e3eb0cd594,citado_com,03/07/2026,03/07/2026,1,https://redir.folha.com.br/redir/online/emcimadahora/rss091/*https://www1.folha.uol.com.br/ilustrada/2026/07/por-que-sao-paulo-e-a-2a-cidade-do-mundo-que-mais-ouve-taylor-swift-no-spotify-e-como-casamento-pode-impulsionar-ainda-mais-suas-musicas.shtml
fc63eb8cf6,PES-5cbe8b23c1,PES-2c0e876995,citado_com,03/07/2026,03/07/2026,1,https://redir.folha.com.br/redir/online/emcimadahora/rss091/*https://www1.folha.uol.com.br/ilustrada/2026/07/por-que-sao-paulo-e-a-2a-cidade-do-mundo-que-mais-ouve-taylor-swift-no-spotify-e-como-casamento-pode-impulsionar-ainda-mais-suas-musicas.shtml
f45529f49d,PES-5cbe8b23c1,PES-b6b6b37a62,citado_com,03/07/2026,03/07/2026,1,https://redir.folha.com.br/redir/online/emcimadahora/rss091/*https://www1.folha.uol.com.br/ilustrada/2026/07/por-que-sao-paulo-e-a-2a-cidade-do-mundo-que-mais-ouve-taylor-swift-no-spotify-e-como-casamento-pode-impulsionar-ainda-mais-suas-musicas.shtml
942f5c392b,PES-5cbe8b23c1,PES-e3eb0cd594,citado_com,03/07/2026,03/07/2026,1,https://redir.folha.com.br/redir/online/emcimadahora/rss091/*https://www1.folha.uol.com.br/ilustrada/2026/07/por-que-sao-paulo-e-a-2a-cidade-do-mundo-que-mais-ouve-taylor-swift-no-spotify-e-como-casamento-pode-impulsionar-ainda-mais-suas-musicas.shtml
1c96344a64,PES-2c0e876995,PES-b6b6b37a62,citado_com,03/07/2026,03/07/2026,1,https://redir.folha.com.br/redir/online/emcimadahora/rss091/*https://www1.folha.uol.com.br/ilustrada/2026/07/por-que-sao-paulo-e-a-2a-cidade-do-mundo-que-mais-ouve-taylor-swift-no-spotify-e-como-casamento-pode-impulsionar-ainda-mais-suas-musicas.shtml
8fc77ca34d,PES-2c0e876995,PES-e3eb0cd594,citado_com,03/07/2026,03/07/2026,1,https://redir.folha.com.br/redir/online/emcimadahora/rss091/*https://www1.folha.uol.com.br/ilustrada/2026/07/por-que-sao-paulo-e-a-2a-cidade-do-mundo-que-mais-ouve-taylor-swift-no-spotify-e-como-casamento-pode-impulsionar-ainda-mais-suas-musicas.shtml
06a9eba9cd,PES-b6b6b37a62,PES-e3eb0cd594,citado_com,03/07/2026,03/07/2026,1,https://redir.folha.com.br/redir/online/emcimadahora/rss091/*https://www1.folha.uol.com.br/ilustrada/2026/07/por-que-sao-paulo-e-a-2a-cidade-do-mundo-que-mais-ouve-taylor-swift-no-spotify-e-como-casamento-pode-impulsionar-ainda-mais-suas-musicas.shtml
c65dd1fddb,PES-0a01e2cd5e,EMP-4ad49c2cdb,associado_a,03/07/2026,03/07/2026,2,https://www.estadao.com.br/politica/moraes-libera-envio-joias-sauditas-bolsonaro-custodia-receita-federal-nprp/
669c4a083c,PES-a8cf9a4fba,EMP-4ad49c2cdb,associado_a,03/07/2026,03/07/2026,2,https://www.estadao.com.br/politica/moraes-libera-envio-joias-sauditas-bolsonaro-custodia-receita-federal-nprp/
f1c02b94d8,PES-4ad49c2cdb,EMP-4ad49c2cdb,associado_a,03/07/2026,03/07/2026,2,https://www.estadao.com.br/politica/moraes-libera-envio-joias-sauditas-bolsonaro-custodia-receita-federal-nprp/
179144f6b3,PES-3b3f11bfbc,EMP-4ad49c2cdb,associado_a,03/07/2026,03/07/2026,2,https://www.estadao.com.br/politica/moraes-libera-envio-joias-sauditas-bolsonaro-custodia-receita-federal-nprp/
5353c9d27c,PES-114cca7a56,EMP-4ad49c2cdb,associado_a,03/07/2026,03/07/2026,1,https://www.estadao.com.br/politica/moraes-libera-envio-joias-sauditas-bolsonaro-custodia-receita-federal-nprp/
e8479ae1a2,PES-0a01e2cd5e,PES-a8cf9a4fba,citado_com,03/07/2026,03/07/2026,2,https://www.estadao.com.br/politica/moraes-libera-envio-joias-sauditas-bolsonaro-custodia-receita-federal-nprp/
ae072dbf0f,PES-0a01e2cd5e,PES-4ad49c2cdb,citado_com,03/07/2026,03/07/2026,2,https://www.estadao.com.br/politica/moraes-libera-envio-joias-sauditas-bolsonaro-custodia-receita-federal-nprp/
cc5d950da6,PES-0a01e2cd5e,PES-3b3f11bfbc,citado_com,03/07/2026,03/07/2026,2,https://www.estadao.com.br/politica/moraes-libera-envio-joias-sauditas-bolsonaro-custodia-receita-federal-nprp/
73d70e75b7,PES-0a01e2cd5e,PES-114cca7a56,citado_com,03/07/2026,03/07/2026,1,https://www.estadao.com.br/politica/moraes-libera-envio-joias-sauditas-bolsonaro-custodia-receita-federal-nprp/
8a425c320c,PES-a8cf9a4fba,PES-4ad49c2cdb,citado_com,03/07/2026,03/07/2026,2,https://www.estadao.com.br/politica/moraes-libera-envio-joias-sauditas-bolsonaro-custodia-receita-federal-nprp/
dd3569a78f,PES-a8cf9a4fba,PES-3b3f11bfbc,citado_com,03/07/2026,03/07/2026,2,https://www.estadao.com.br/politica/moraes-libera-envio-joias-sauditas-bolsonaro-custodia-receita-federal-nprp/
35ca6e143c,PES-a8cf9a4fba,PES-114cca7a56,citado_com,03/07/2026,03/07/2026,1,https://www.estadao.com.br/politica/moraes-libera-envio-joias-sauditas-bolsonaro-custodia-receita-federal-nprp/
87b4385bca,PES-4ad49c2cdb,PES-3b3f11bfbc,citado_com,03/07/2026,03/07/2026,2,https://www.estadao.com.br/politica/moraes-libera-envio-joias-sauditas-bolsonaro-custodia-receita-federal-nprp/
e641e1b9f6,PES-4ad49c2cdb,PES-114cca7a56,citado_com,03/07/2026,03/07/2026,1,https://www.estadao.com.br/politica/moraes-libera-envio-joias-sauditas-bolsonaro-custodia-receita-federal-nprp/
d9f736d62e,PES-3b3f11bfbc,PES-114cca7a56,citado_com,03/07/2026,03/07/2026,1,https://www.estadao.com.br/politica/moraes-libera-envio-joias-sauditas-bolsonaro-custodia-receita-federal-nprp/
734d9884e9,PES-a9bfb78629,PES-de3b79f4f0,citado_com,03/07/2026,03/07/2026,1,https://www.estadao.com.br/politica/campanha-de-lula-a-reeleicao-recebera-r-127-milhoes-do-fundo-eleitoral-destinado-ao-pt/
9563942e41,PES-a9bfb78629,PES-9c892de758,citado_com,03/07/2026,03/07/2026,1,https://www.estadao.com.br/politica/campanha-de-lula-a-reeleicao-recebera-r-127-milhoes-do-fundo-eleitoral-destinado-ao-pt/
44d036fd39,PES-a9bfb78629,PES-70cf5c2d51,citado_com,03/07/2026,03/07/2026,1,https://www.estadao.com.br/politica/campanha-de-lula-a-reeleicao-recebera-r-127-milhoes-do-fundo-eleitoral-destinado-ao-pt/
2d75e6679e,PES-de3b79f4f0,PES-9c892de758,citado_com,03/07/2026,03/07/2026,1,https://www.estadao.com.br/politica/campanha-de-lula-a-reeleicao-recebera-r-127-milhoes-do-fundo-eleitoral-destinado-ao-pt/
ec45912a35,PES-de3b79f4f0,PES-70cf5c2d51,citado_com,03/07/2026,03/07/2026,1,https://www.estadao.com.br/politica/campanha-de-lula-a-reeleicao-recebera-r-127-milhoes-do-fundo-eleitoral-destinado-ao-pt/
9928c76808,PES-9c892de758,PES-70cf5c2d51,citado_com,03/07/2026,03/07/2026,1,https://www.estadao.com.br/politica/campanha-de-lula-a-reeleicao-recebera-r-127-milhoes-do-fundo-eleitoral-destinado-ao-pt/
ab2c583ce5,PES-a6fcc820f6,PES-8f85ac4b2e,citado_com,03/07/2026,03/07/2026,1,https://www.guarulhoshoje.com.br/2026/07/03/cobertores-calcados-e-outros-itens-do-vestuario-podem-ser-entregues-a-campanha-do-agasalho/
1fb5d68fd9,PES-a6fcc820f6,PES-29dfe11706,citado_com,03/07/2026,03/07/2026,1,https://www.guarulhoshoje.com.br/2026/07/03/cobertores-calcados-e-outros-itens-do-vestuario-podem-ser-entregues-a-campanha-do-agasalho/
1d081bbcb5,PES-8f85ac4b2e,PES-29dfe11706,citado_com,03/07/2026,03/07/2026,1,https://www.guarulhoshoje.com.br/2026/07/03/cobertores-calcados-e-outros-itens-do-vestuario-podem-ser-entregues-a-campanha-do-agasalho/
1ae53e31ff,PES-1ea086c1d8,PES-04021a791e,citado_com,03/07/2026,03/07/2026,2,https://www.france24.com/en/video/20260703-millions-expected-to-attend-as-iran-begins-dayslong-khamenei-funeral
a1c696e700,PES-1ea086c1d8,PES-239b81de40,citado_com,03/07/2026,03/07/2026,2,https://www.france24.com/en/video/20260703-millions-expected-to-attend-as-iran-begins-dayslong-khamenei-funeral
ae555d2f49,PES-1ea086c1d8,PES-ad592c14f4,citado_com,03/07/2026,03/07/2026,1,https://www.france24.com/en/video/20260703-millions-expected-to-attend-as-iran-begins-dayslong-khamenei-funeral
4da0b6fdd9,PES-1ea086c1d8,PES-b98ddd272f,citado_com,03/07/2026,03/07/2026,1,https://www.france24.com/en/video/20260703-millions-expected-to-attend-as-iran-begins-dayslong-khamenei-funeral
118c664d4c,PES-1ea086c1d8,PES-129e74884a,citado_com,03/07/2026,03/07/2026,2,https://www.france24.com/en/video/20260703-millions-expected-to-attend-as-iran-begins-dayslong-khamenei-funeral
3e886315b6,PES-04021a791e,PES-239b81de40,citado_com,03/07/2026,03/07/2026,2,https://www.france24.com/en/video/20260703-millions-expected-to-attend-as-iran-begins-dayslong-khamenei-funeral
3e6ea92750,PES-04021a791e,PES-ad592c14f4,citado_com,03/07/2026,03/07/2026,1,https://www.france24.com/en/video/20260703-millions-expected-to-attend-as-iran-begins-dayslong-khamenei-funeral
fb0868abd0,PES-04021a791e,PES-b98ddd272f,citado_com,03/07/2026,03/07/2026,1,https://www.france24.com/en/video/20260703-millions-expected-to-attend-as-iran-begins-dayslong-khamenei-funeral
4e2171e3c2,PES-04021a791e,PES-129e74884a,citado_com,03/07/2026,03/07/2026,2,https://www.france24.com/en/video/20260703-millions-expected-to-attend-as-iran-begins-dayslong-khamenei-funeral
d235346cd8,PES-239b81de40,PES-ad592c14f4,citado_com,03/07/2026,03/07/2026,1,https://www.france24.com/en/video/20260703-millions-expected-to-attend-as-iran-begins-dayslong-khamenei-funeral
9bb5b48e68,PES-239b81de40,PES-b98ddd272f,citado_com,03/07/2026,03/07/2026,1,https://www.france24.com/en/video/20260703-millions-expected-to-attend-as-iran-begins-dayslong-khamenei-funeral
3c75347ac7,PES-239b81de40,PES-129e74884a,citado_com,03/07/2026,03/07/2026,2,https://www.france24.com/en/video/20260703-millions-expected-to-attend-as-iran-begins-dayslong-khamenei-funeral
fce589ec66,PES-ad592c14f4,PES-b98ddd272f,citado_com,03/07/2026,03/07/2026,1,https://www.france24.com/en/video/20260703-millions-expected-to-attend-as-iran-begins-dayslong-khamenei-funeral
7a4e9846af,PES-ad592c14f4,PES-129e74884a,citado_com,03/07/2026,03/07/2026,1,https://www.france24.com/en/video/20260703-millions-expected-to-attend-as-iran-begins-dayslong-khamenei-funeral
aabdf98646,PES-b98ddd272f,PES-129e74884a,citado_com,03/07/2026,03/07/2026,1,https://www.france24.com/en/video/20260703-millions-expected-to-attend-as-iran-begins-dayslong-khamenei-funeral
c537c3655d,PES-0fbd3042cd,PES-900118a3f8,citado_com,03/07/2026,03/07/2026,1,https://www.france24.com/en/sport/20260703-cape-verde-hope-to-continue-world-cup-fairytale-against-messi-s-argentina
b8d801ceb6,PES-0fbd3042cd,PES-88009c21e8,citado_com,03/07/2026,03/07/2026,1,https://www.france24.com/en/sport/20260703-cape-verde-hope-to-continue-world-cup-fairytale-against-messi-s-argentina
ccde87af78,PES-0fbd3042cd,PES-fd23826bfd,citado_com,03/07/2026,03/07/2026,1,https://www.france24.com/en/sport/20260703-cape-verde-hope-to-continue-world-cup-fairytale-against-messi-s-argentina
306aeb24e8,PES-0fbd3042cd,PES-0702e6dee6,citado_com,03/07/2026,03/07/2026,1,https://www.france24.com/en/sport/20260703-cape-verde-hope-to-continue-world-cup-fairytale-against-messi-s-argentina
d5653f1b9e,PES-0fbd3042cd,PES-34f0e29e0a,citado_com,03/07/2026,03/07/2026,1,https://www.france24.com/en/sport/20260703-cape-verde-hope-to-continue-world-cup-fairytale-against-messi-s-argentina
8dc797f38b,PES-900118a3f8,PES-88009c21e8,citado_com,03/07/2026,03/07/2026,1,https://www.france24.com/en/sport/20260703-cape-verde-hope-to-continue-world-cup-fairytale-against-messi-s-argentina
ba21b8101d,PES-900118a3f8,PES-fd23826bfd,citado_com,03/07/2026,03/07/2026,1,https://www.france24.com/en/sport/20260703-cape-verde-hope-to-continue-world-cup-fairytale-against-messi-s-argentina
315488ceda,PES-900118a3f8,PES-0702e6dee6,citado_com,03/07/2026,03/07/2026,1,https://www.france24.com/en/sport/20260703-cape-verde-hope-to-continue-world-cup-fairytale-against-messi-s-argentina
5d25078e37,PES-900118a3f8,PES-34f0e29e0a,citado_com,03/07/2026,03/07/2026,1,https://www.france24.com/en/sport/20260703-cape-verde-hope-to-continue-world-cup-fairytale-against-messi-s-argentina
b1c262f943,PES-88009c21e8,PES-fd23826bfd,citado_com,03/07/2026,03/07/2026,1,https://www.france24.com/en/sport/20260703-cape-verde-hope-to-continue-world-cup-fairytale-against-messi-s-argentina
e829df5e0a,PES-88009c21e8,PES-0702e6dee6,citado_com,03/07/2026,03/07/2026,1,https://www.france24.com/en/sport/20260703-cape-verde-hope-to-continue-world-cup-fairytale-against-messi-s-argentina
e843d7f3de,PES-88009c21e8,PES-34f0e29e0a,citado_com,03/07/2026,03/07/2026,1,https://www.france24.com/en/sport/20260703-cape-verde-hope-to-continue-world-cup-fairytale-against-messi-s-argentina
574311d0ac,PES-fd23826bfd,PES-0702e6dee6,citado_com,03/07/2026,03/07/2026,1,https://www.france24.com/en/sport/20260703-cape-verde-hope-to-continue-world-cup-fairytale-against-messi-s-argentina
f99f783fbf,PES-fd23826bfd,PES-34f0e29e0a,citado_com,03/07/2026,03/07/2026,1,https://www.france24.com/en/sport/20260703-cape-verde-hope-to-continue-world-cup-fairytale-against-messi-s-argentina
412102c7ad,PES-0702e6dee6,PES-34f0e29e0a,citado_com,03/07/2026,03/07/2026,1,https://www.france24.com/en/sport/20260703-cape-verde-hope-to-continue-world-cup-fairytale-against-messi-s-argentina
6ce3f7e4ee,PES-5318efec44,PES-4b5a5cb479,citado_com,03/07/2026,03/07/2026,1,https://www.brasildefato.com.br/2026/07/03/ira-prepara-funeral-historico-para-ali-khamenei-com-seguranca-reforcada-e-aviso-aos-eua-e-israel-sobre-ataques/
4b0b56671b,PES-5318efec44,PES-b98ddd272f,citado_com,03/07/2026,03/07/2026,1,https://www.brasildefato.com.br/2026/07/03/ira-prepara-funeral-historico-para-ali-khamenei-com-seguranca-reforcada-e-aviso-aos-eua-e-israel-sobre-ataques/
d7c8752622,PES-5318efec44,PES-a52119f596,citado_com,03/07/2026,03/07/2026,1,https://www.brasildefato.com.br/2026/07/03/ira-prepara-funeral-historico-para-ali-khamenei-com-seguranca-reforcada-e-aviso-aos-eua-e-israel-sobre-ataques/
3ece21e873,PES-5318efec44,PES-04021a791e,citado_com,03/07/2026,03/07/2026,1,https://www.brasildefato.com.br/2026/07/03/ira-prepara-funeral-historico-para-ali-khamenei-com-seguranca-reforcada-e-aviso-aos-eua-e-israel-sobre-ataques/
05160c04b9,PES-5318efec44,PES-8d156b37a6,citado_com,03/07/2026,03/07/2026,1,https://www.brasildefato.com.br/2026/07/03/ira-prepara-funeral-historico-para-ali-khamenei-com-seguranca-reforcada-e-aviso-aos-eua-e-israel-sobre-ataques/
88054309b1,PES-4b5a5cb479,PES-b98ddd272f,citado_com,03/07/2026,03/07/2026,1,https://www.brasildefato.com.br/2026/07/03/ira-prepara-funeral-historico-para-ali-khamenei-com-seguranca-reforcada-e-aviso-aos-eua-e-israel-sobre-ataques/
e1fb89cdec,PES-4b5a5cb479,PES-a52119f596,citado_com,03/07/2026,03/07/2026,1,https://www.brasildefato.com.br/2026/07/03/ira-prepara-funeral-historico-para-ali-khamenei-com-seguranca-reforcada-e-aviso-aos-eua-e-israel-sobre-ataques/
4fe6da5bd7,PES-4b5a5cb479,PES-04021a791e,citado_com,03/07/2026,03/07/2026,1,https://www.brasildefato.com.br/2026/07/03/ira-prepara-funeral-historico-para-ali-khamenei-com-seguranca-reforcada-e-aviso-aos-eua-e-israel-sobre-ataques/
c68d06ba72,PES-4b5a5cb479,PES-8d156b37a6,citado_com,03/07/2026,03/07/2026,1,https://www.brasildefato.com.br/2026/07/03/ira-prepara-funeral-historico-para-ali-khamenei-com-seguranca-reforcada-e-aviso-aos-eua-e-israel-sobre-ataques/
be0a2d1e9f,PES-b98ddd272f,PES-a52119f596,citado_com,03/07/2026,03/07/2026,1,https://www.brasildefato.com.br/2026/07/03/ira-prepara-funeral-historico-para-ali-khamenei-com-seguranca-reforcada-e-aviso-aos-eua-e-israel-sobre-ataques/
6083de64f1,PES-b98ddd272f,PES-04021a791e,citado_com,03/07/2026,03/07/2026,1,https://www.brasildefato.com.br/2026/07/03/ira-prepara-funeral-historico-para-ali-khamenei-com-seguranca-reforcada-e-aviso-aos-eua-e-israel-sobre-ataques/
e5e14ccfb9,PES-b98ddd272f,PES-8d156b37a6,citado_com,03/07/2026,03/07/2026,1,https://www.brasildefato.com.br/2026/07/03/ira-prepara-funeral-historico-para-ali-khamenei-com-seguranca-reforcada-e-aviso-aos-eua-e-israel-sobre-ataques/
0a291d3f86,PES-a52119f596,PES-04021a791e,citado_com,03/07/2026,03/07/2026,1,https://www.brasildefato.com.br/2026/07/03/ira-prepara-funeral-historico-para-ali-khamenei-com-seguranca-reforcada-e-aviso-aos-eua-e-israel-sobre-ataques/
e222161e77,PES-a52119f596,PES-8d156b37a6,citado_com,03/07/2026,03/07/2026,1,https://www.brasildefato.com.br/2026/07/03/ira-prepara-funeral-historico-para-ali-khamenei-com-seguranca-reforcada-e-aviso-aos-eua-e-israel-sobre-ataques/
613fd64460,PES-04021a791e,PES-8d156b37a6,citado_com,03/07/2026,03/07/2026,1,https://www.brasildefato.com.br/2026/07/03/ira-prepara-funeral-historico-para-ali-khamenei-com-seguranca-reforcada-e-aviso-aos-eua-e-israel-sobre-ataques/
a3845e7cd6,PES-0fca607ffe,PES-688de1e77f,citado_com,03/07/2026,03/07/2026,1,https://www.estadao.com.br/politica/emendas-pix-investigacao-aponta-superfaturamento-conluio-familiar-e-obras-ficticias-em-roraima/
b63e49045f,PES-0fca607ffe,PES-49b7f9768c,citado_com,03/07/2026,03/07/2026,1,https://www.estadao.com.br/politica/emendas-pix-investigacao-aponta-superfaturamento-conluio-familiar-e-obras-ficticias-em-roraima/
b523489f7c,PES-0fca607ffe,PES-cfaa437626,citado_com,03/07/2026,03/07/2026,1,https://www.estadao.com.br/politica/emendas-pix-investigacao-aponta-superfaturamento-conluio-familiar-e-obras-ficticias-em-roraima/
2410d55c69,PES-0fca607ffe,PES-87d4288a69,citado_com,03/07/2026,03/07/2026,1,https://www.estadao.com.br/politica/emendas-pix-investigacao-aponta-superfaturamento-conluio-familiar-e-obras-ficticias-em-roraima/
4aefdbee34,PES-0fca607ffe,PES-71a64d3355,citado_com,03/07/2026,03/07/2026,1,https://www.estadao.com.br/politica/emendas-pix-investigacao-aponta-superfaturamento-conluio-familiar-e-obras-ficticias-em-roraima/
3a9575c0a7,PES-688de1e77f,PES-49b7f9768c,citado_com,03/07/2026,03/07/2026,1,https://www.estadao.com.br/politica/emendas-pix-investigacao-aponta-superfaturamento-conluio-familiar-e-obras-ficticias-em-roraima/
76d195bd15,PES-688de1e77f,PES-cfaa437626,citado_com,03/07/2026,03/07/2026,1,https://www.estadao.com.br/politica/emendas-pix-investigacao-aponta-superfaturamento-conluio-familiar-e-obras-ficticias-em-roraima/
83f5a16281,PES-688de1e77f,PES-87d4288a69,citado_com,03/07/2026,03/07/2026,1,https://www.estadao.com.br/politica/emendas-pix-investigacao-aponta-superfaturamento-conluio-familiar-e-obras-ficticias-em-roraima/
38a86c0de0,PES-688de1e77f,PES-71a64d3355,citado_com,03/07/2026,03/07/2026,1,https://www.estadao.com.br/politica/emendas-pix-investigacao-aponta-superfaturamento-conluio-familiar-e-obras-ficticias-em-roraima/
e8676bf288,PES-49b7f9768c,PES-cfaa437626,citado_com,03/07/2026,03/07/2026,1,https://www.estadao.com.br/politica/emendas-pix-investigacao-aponta-superfaturamento-conluio-familiar-e-obras-ficticias-em-roraima/
ee9d4e8a7f,PES-49b7f9768c,PES-87d4288a69,citado_com,03/07/2026,03/07/2026,1,https://www.estadao.com.br/politica/emendas-pix-investigacao-aponta-superfaturamento-conluio-familiar-e-obras-ficticias-em-roraima/
9c0cf08ac8,PES-49b7f9768c,PES-71a64d3355,citado_com,03/07/2026,03/07/2026,1,https://www.estadao.com.br/politica/emendas-pix-investigacao-aponta-superfaturamento-conluio-familiar-e-obras-ficticias-em-roraima/
8e4eb7a286,PES-cfaa437626,PES-87d4288a69,citado_com,03/07/2026,03/07/2026,1,https://www.estadao.com.br/politica/emendas-pix-investigacao-aponta-superfaturamento-conluio-familiar-e-obras-ficticias-em-roraima/
0c69e4cd57,PES-cfaa437626,PES-71a64d3355,citado_com,03/07/2026,03/07/2026,1,https://www.estadao.com.br/politica/emendas-pix-investigacao-aponta-superfaturamento-conluio-familiar-e-obras-ficticias-em-roraima/
ebe6a666ae,PES-87d4288a69,PES-71a64d3355,citado_com,03/07/2026,03/07/2026,1,https://www.estadao.com.br/politica/emendas-pix-investigacao-aponta-superfaturamento-conluio-familiar-e-obras-ficticias-em-roraima/
99c46a099b,VIP-ad1517aafe,PES-0fca607ffe,mencionado_com,03/07/2026,03/07/2026,1,https://www.estadao.com.br/politica/emendas-pix-investigacao-aponta-superfaturamento-conluio-familiar-e-obras-ficticias-em-roraima/
14e7e4336b,VIP-ad1517aafe,PES-688de1e77f,mencionado_com,03/07/2026,03/07/2026,1,https://www.estadao.com.br/politica/emendas-pix-investigacao-aponta-superfaturamento-conluio-familiar-e-obras-ficticias-em-roraima/
02725a4c89,VIP-ad1517aafe,PES-49b7f9768c,mencionado_com,03/07/2026,03/07/2026,1,https://www.estadao.com.br/politica/emendas-pix-investigacao-aponta-superfaturamento-conluio-familiar-e-obras-ficticias-em-roraima/
7347137405,VIP-ad1517aafe,PES-cfaa437626,mencionado_com,03/07/2026,03/07/2026,1,https://www.estadao.com.br/politica/emendas-pix-investigacao-aponta-superfaturamento-conluio-familiar-e-obras-ficticias-em-roraima/
5ec0fb1f4e,VIP-ad1517aafe,PES-87d4288a69,mencionado_com,03/07/2026,03/07/2026,1,https://www.estadao.com.br/politica/emendas-pix-investigacao-aponta-superfaturamento-conluio-familiar-e-obras-ficticias-em-roraima/
5d4903328a,VIP-ad1517aafe,PES-71a64d3355,mencionado_com,03/07/2026,03/07/2026,3,https://www.estadao.com.br/politica/emendas-pix-investigacao-aponta-superfaturamento-conluio-familiar-e-obras-ficticias-em-roraima/
725d36ffa2,PES-a8245adfbe,PES-71a64d3355,citado_com,03/07/2026,03/07/2026,2,https://www.estadao.com.br/politica/blog-do-fausto-macedo/ministro-solta-traficante-mancha-do-pcc-mas-juiz-de-mg-manda-prender-de-novo/
ed54ceea2b,PES-a8245adfbe,PES-c3318e5b0a,citado_com,03/07/2026,03/07/2026,2,https://www.estadao.com.br/politica/blog-do-fausto-macedo/ministro-solta-traficante-mancha-do-pcc-mas-juiz-de-mg-manda-prender-de-novo/
d1e1bc5727,PES-71a64d3355,PES-c3318e5b0a,citado_com,03/07/2026,03/07/2026,2,https://www.estadao.com.br/politica/blog-do-fausto-macedo/ministro-solta-traficante-mancha-do-pcc-mas-juiz-de-mg-manda-prender-de-novo/
ae1bf2045c,VIP-ad1517aafe,PES-a8245adfbe,mencionado_com,03/07/2026,03/07/2026,2,https://www.estadao.com.br/politica/blog-do-fausto-macedo/ministro-solta-traficante-mancha-do-pcc-mas-juiz-de-mg-manda-prender-de-novo/
b42eb2965e,VIP-ad1517aafe,PES-c3318e5b0a,mencionado_com,03/07/2026,03/07/2026,2,https://www.estadao.com.br/politica/blog-do-fausto-macedo/ministro-solta-traficante-mancha-do-pcc-mas-juiz-de-mg-manda-prender-de-novo/
2c0689f0c5,VIP-ad1517aafe,PES-ba4134ac5e,mencionado_com,03/07/2026,03/07/2026,1,https://www.metropoles.com/mundo/eua-ameaca-sancionar-americanos-pcc-cv
0246167fd8,VIP-ad1517aafe,PES-8d156b37a6,mencionado_com,03/07/2026,03/07/2026,1,https://redir.folha.com.br/redir/online/emcimadahora/rss091/*https://www1.folha.uol.com.br/cotidiano/2026/07/pf-antecipou-operacao-contra-suspeitos-de-ligacao-com-trafico-apos-sancao-dos-eua.shtml
0d3e389d64,PES-8f669a4974,EMP-2485e212ec,associado_a,03/07/2026,03/07/2026,1,https://www.guarulhoshoje.com.br/2026/07/03/metro-fica-mais-perto-de-guarulhos-com-descida-da-roda-de-corte-do-segundo-tatuzao-da-linha-2-verde/
211d931ec8,PES-514ea74668,EMP-2485e212ec,associado_a,03/07/2026,03/07/2026,1,https://www.guarulhoshoje.com.br/2026/07/03/metro-fica-mais-perto-de-guarulhos-com-descida-da-roda-de-corte-do-segundo-tatuzao-da-linha-2-verde/
c6f8d29456,PES-23a9a7aa5a,EMP-2485e212ec,associado_a,03/07/2026,03/07/2026,1,https://www.guarulhoshoje.com.br/2026/07/03/metro-fica-mais-perto-de-guarulhos-com-descida-da-roda-de-corte-do-segundo-tatuzao-da-linha-2-verde/
136363ab60,PES-8f669a4974,PES-514ea74668,citado_com,03/07/2026,03/07/2026,1,https://www.guarulhoshoje.com.br/2026/07/03/metro-fica-mais-perto-de-guarulhos-com-descida-da-roda-de-corte-do-segundo-tatuzao-da-linha-2-verde/
eb16d42c3a,PES-8f669a4974,PES-23a9a7aa5a,citado_com,03/07/2026,03/07/2026,1,https://www.guarulhoshoje.com.br/2026/07/03/metro-fica-mais-perto-de-guarulhos-com-descida-da-roda-de-corte-do-segundo-tatuzao-da-linha-2-verde/
bc95f37bbc,PES-514ea74668,PES-23a9a7aa5a,citado_com,03/07/2026,03/07/2026,1,https://www.guarulhoshoje.com.br/2026/07/03/metro-fica-mais-perto-de-guarulhos-com-descida-da-roda-de-corte-do-segundo-tatuzao-da-linha-2-verde/
2c1e13e3df,PES-02ee25b42d,PES-2268930843,citado_com,03/07/2026,03/07/2026,1,https://www.estadao.com.br/brasil/dayanne-rodrigues-ex-mulher-goleiro-bruno-desaparecida-npr/
6d65b8d783,PES-02ee25b42d,PES-b0366a1179,citado_com,03/07/2026,03/07/2026,1,https://www.estadao.com.br/brasil/dayanne-rodrigues-ex-mulher-goleiro-bruno-desaparecida-npr/
7d715b9580,PES-02ee25b42d,PES-c1ec79c8c8,citado_com,03/07/2026,03/07/2026,1,https://www.estadao.com.br/brasil/dayanne-rodrigues-ex-mulher-goleiro-bruno-desaparecida-npr/
ff6857ff00,PES-02ee25b42d,PES-a7bff360a2,citado_com,03/07/2026,03/07/2026,1,https://www.estadao.com.br/brasil/dayanne-rodrigues-ex-mulher-goleiro-bruno-desaparecida-npr/
e2a1521fba,PES-02ee25b42d,PES-cb498c94be,citado_com,03/07/2026,03/07/2026,1,https://www.estadao.com.br/brasil/dayanne-rodrigues-ex-mulher-goleiro-bruno-desaparecida-npr/
d85263014e,PES-2268930843,PES-b0366a1179,citado_com,03/07/2026,03/07/2026,1,https://www.estadao.com.br/brasil/dayanne-rodrigues-ex-mulher-goleiro-bruno-desaparecida-npr/
7d3b949b7a,PES-2268930843,PES-c1ec79c8c8,citado_com,03/07/2026,03/07/2026,1,https://www.estadao.com.br/brasil/dayanne-rodrigues-ex-mulher-goleiro-bruno-desaparecida-npr/
b2e6ee4549,PES-2268930843,PES-a7bff360a2,citado_com,03/07/2026,03/07/2026,1,https://www.estadao.com.br/brasil/dayanne-rodrigues-ex-mulher-goleiro-bruno-desaparecida-npr/
a6600f1328,PES-2268930843,PES-cb498c94be,citado_com,03/07/2026,03/07/2026,1,https://www.estadao.com.br/brasil/dayanne-rodrigues-ex-mulher-goleiro-bruno-desaparecida-npr/
04cb5c58ed,PES-b0366a1179,PES-c1ec79c8c8,citado_com,03/07/2026,03/07/2026,1,https://www.estadao.com.br/brasil/dayanne-rodrigues-ex-mulher-goleiro-bruno-desaparecida-npr/
31d195cf0a,PES-b0366a1179,PES-a7bff360a2,citado_com,03/07/2026,03/07/2026,1,https://www.estadao.com.br/brasil/dayanne-rodrigues-ex-mulher-goleiro-bruno-desaparecida-npr/
d7969fcd1f,PES-b0366a1179,PES-cb498c94be,citado_com,03/07/2026,03/07/2026,1,https://www.estadao.com.br/brasil/dayanne-rodrigues-ex-mulher-goleiro-bruno-desaparecida-npr/
4f03c26dce,PES-c1ec79c8c8,PES-a7bff360a2,citado_com,03/07/2026,03/07/2026,1,https://www.estadao.com.br/brasil/dayanne-rodrigues-ex-mulher-goleiro-bruno-desaparecida-npr/
8e54338e44,PES-c1ec79c8c8,PES-cb498c94be,citado_com,03/07/2026,03/07/2026,1,https://www.estadao.com.br/brasil/dayanne-rodrigues-ex-mulher-goleiro-bruno-desaparecida-npr/
989035fa91,PES-a7bff360a2,PES-cb498c94be,citado_com,03/07/2026,03/07/2026,1,https://www.estadao.com.br/brasil/dayanne-rodrigues-ex-mulher-goleiro-bruno-desaparecida-npr/
348d56531f,PES-bea02fdc3e,EMP-733c5f78bc,associado_a,03/07/2026,03/07/2026,1,https://www.infobae.com/america/agencias/2026/07/03/lula-felicita-a-fujimori-tras-su-proclamacion-como-presidenta-de-peru-por-el-jurado-nacional-de-elecciones/
759ca8abb6,PES-971a60f8f2,EMP-733c5f78bc,associado_a,03/07/2026,03/07/2026,1,https://www.infobae.com/america/agencias/2026/07/03/lula-felicita-a-fujimori-tras-su-proclamacion-como-presidenta-de-peru-por-el-jurado-nacional-de-elecciones/
8e97526f03,PES-3002294391,PES-bea02fdc3e,citado_com,03/07/2026,03/07/2026,1,https://www.infobae.com/america/agencias/2026/07/03/lula-felicita-a-fujimori-tras-su-proclamacion-como-presidenta-de-peru-por-el-jurado-nacional-de-elecciones/
920c94fe62,PES-3002294391,PES-971a60f8f2,citado_com,03/07/2026,03/07/2026,1,https://www.infobae.com/america/agencias/2026/07/03/lula-felicita-a-fujimori-tras-su-proclamacion-como-presidenta-de-peru-por-el-jurado-nacional-de-elecciones/
89feaa555a,PES-de3b79f4f0,PES-bea02fdc3e,citado_com,03/07/2026,03/07/2026,1,https://www.infobae.com/america/agencias/2026/07/03/lula-felicita-a-fujimori-tras-su-proclamacion-como-presidenta-de-peru-por-el-jurado-nacional-de-elecciones/
47d4a97c4a,PES-de3b79f4f0,PES-971a60f8f2,citado_com,03/07/2026,03/07/2026,1,https://www.infobae.com/america/agencias/2026/07/03/lula-felicita-a-fujimori-tras-su-proclamacion-como-presidenta-de-peru-por-el-jurado-nacional-de-elecciones/
2b0989b831,PES-4d667614c4,PES-bea02fdc3e,citado_com,03/07/2026,03/07/2026,1,https://www.infobae.com/america/agencias/2026/07/03/lula-felicita-a-fujimori-tras-su-proclamacion-como-presidenta-de-peru-por-el-jurado-nacional-de-elecciones/
42fbf1dace,PES-4d667614c4,PES-971a60f8f2,citado_com,03/07/2026,03/07/2026,1,https://www.infobae.com/america/agencias/2026/07/03/lula-felicita-a-fujimori-tras-su-proclamacion-como-presidenta-de-peru-por-el-jurado-nacional-de-elecciones/
012cd03471,PES-4d667614c4,PES-a82c10a4dd,citado_com,03/07/2026,03/07/2026,1,https://www.infobae.com/america/agencias/2026/07/03/lula-felicita-a-fujimori-tras-su-proclamacion-como-presidenta-de-peru-por-el-jurado-nacional-de-elecciones/
b42811f688,PES-bea02fdc3e,PES-971a60f8f2,citado_com,03/07/2026,03/07/2026,1,https://www.infobae.com/america/agencias/2026/07/03/lula-felicita-a-fujimori-tras-su-proclamacion-como-presidenta-de-peru-por-el-jurado-nacional-de-elecciones/
16677da6d1,PES-bea02fdc3e,PES-a82c10a4dd,citado_com,03/07/2026,03/07/2026,1,https://www.infobae.com/america/agencias/2026/07/03/lula-felicita-a-fujimori-tras-su-proclamacion-como-presidenta-de-peru-por-el-jurado-nacional-de-elecciones/
2cd6583239,PES-971a60f8f2,PES-a82c10a4dd,citado_com,03/07/2026,03/07/2026,1,https://www.infobae.com/america/agencias/2026/07/03/lula-felicita-a-fujimori-tras-su-proclamacion-como-presidenta-de-peru-por-el-jurado-nacional-de-elecciones/
1828c36331,PES-61c3ba2dbf,EMP-4ad49c2cdb,associado_a,03/07/2026,03/07/2026,1,https://apublica.org/nota/moraes-mantem-domiciliar-de-bolsonaro-e-manda-apreender-10-armas/
bf07766421,PES-0a01e2cd5e,PES-61c3ba2dbf,citado_com,03/07/2026,03/07/2026,1,https://apublica.org/nota/moraes-mantem-domiciliar-de-bolsonaro-e-manda-apreender-10-armas/
229b5c6828,PES-a8cf9a4fba,PES-61c3ba2dbf,citado_com,03/07/2026,03/07/2026,1,https://apublica.org/nota/moraes-mantem-domiciliar-de-bolsonaro-e-manda-apreender-10-armas/
b0fce93214,PES-4ad49c2cdb,PES-61c3ba2dbf,citado_com,03/07/2026,03/07/2026,1,https://apublica.org/nota/moraes-mantem-domiciliar-de-bolsonaro-e-manda-apreender-10-armas/
6aa838ca67,PES-3b3f11bfbc,PES-61c3ba2dbf,citado_com,03/07/2026,03/07/2026,1,https://apublica.org/nota/moraes-mantem-domiciliar-de-bolsonaro-e-manda-apreender-10-armas/
acc314285e,PES-f2f80de011,PES-7f5af589d2,citado_com,03/07/2026,03/07/2026,1,https://redir.folha.com.br/redir/online/emcimadahora/rss091/*https://www1.folha.uol.com.br/mundo/2026/07/equipes-de-sao-paulo-se-juntam-a-buscas-por-pai-de-brasileiro-que-desapareceu-apos-terremoto-na-venezuela.shtml
10a8c6d829,PES-f2f80de011,PES-4fbb5a185e,citado_com,03/07/2026,03/07/2026,1,https://redir.folha.com.br/redir/online/emcimadahora/rss091/*https://www1.folha.uol.com.br/mundo/2026/07/equipes-de-sao-paulo-se-juntam-a-buscas-por-pai-de-brasileiro-que-desapareceu-apos-terremoto-na-venezuela.shtml
f13520a317,PES-f2f80de011,PES-f346978435,citado_com,03/07/2026,03/07/2026,1,https://redir.folha.com.br/redir/online/emcimadahora/rss091/*https://www1.folha.uol.com.br/mundo/2026/07/equipes-de-sao-paulo-se-juntam-a-buscas-por-pai-de-brasileiro-que-desapareceu-apos-terremoto-na-venezuela.shtml
9e8675d01a,PES-f2f80de011,PES-ffff2abded,citado_com,03/07/2026,03/07/2026,1,https://redir.folha.com.br/redir/online/emcimadahora/rss091/*https://www1.folha.uol.com.br/mundo/2026/07/equipes-de-sao-paulo-se-juntam-a-buscas-por-pai-de-brasileiro-que-desapareceu-apos-terremoto-na-venezuela.shtml
661faaaddb,PES-7f5af589d2,PES-4fbb5a185e,citado_com,03/07/2026,03/07/2026,1,https://redir.folha.com.br/redir/online/emcimadahora/rss091/*https://www1.folha.uol.com.br/mundo/2026/07/equipes-de-sao-paulo-se-juntam-a-buscas-por-pai-de-brasileiro-que-desapareceu-apos-terremoto-na-venezuela.shtml
39c9258572,PES-7f5af589d2,PES-f346978435,citado_com,03/07/2026,03/07/2026,1,https://redir.folha.com.br/redir/online/emcimadahora/rss091/*https://www1.folha.uol.com.br/mundo/2026/07/equipes-de-sao-paulo-se-juntam-a-buscas-por-pai-de-brasileiro-que-desapareceu-apos-terremoto-na-venezuela.shtml
8516eab169,PES-4fbb5a185e,PES-f346978435,citado_com,03/07/2026,03/07/2026,1,https://redir.folha.com.br/redir/online/emcimadahora/rss091/*https://www1.folha.uol.com.br/mundo/2026/07/equipes-de-sao-paulo-se-juntam-a-buscas-por-pai-de-brasileiro-que-desapareceu-apos-terremoto-na-venezuela.shtml
1551c0a369,PES-4fbb5a185e,PES-ffff2abded,citado_com,03/07/2026,03/07/2026,1,https://redir.folha.com.br/redir/online/emcimadahora/rss091/*https://www1.folha.uol.com.br/mundo/2026/07/equipes-de-sao-paulo-se-juntam-a-buscas-por-pai-de-brasileiro-que-desapareceu-apos-terremoto-na-venezuela.shtml
e2c612a499,PES-f346978435,PES-ffff2abded,citado_com,03/07/2026,03/07/2026,1,https://redir.folha.com.br/redir/online/emcimadahora/rss091/*https://www1.folha.uol.com.br/mundo/2026/07/equipes-de-sao-paulo-se-juntam-a-buscas-por-pai-de-brasileiro-que-desapareceu-apos-terremoto-na-venezuela.shtml
fc8e6469e7,PES-28239d6140,PES-b757ea654b,citado_com,03/07/2026,03/07/2026,1,https://www.infobae.com/america/agencias/2026/07/04/estrellas-del-deporte-la-musica-y-el-cine-en-la-boda-de-taylor-swift-en-nueva-york/
dd364e427f,PES-28239d6140,PES-c552c990ab,citado_com,03/07/2026,03/07/2026,1,https://www.infobae.com/america/agencias/2026/07/04/estrellas-del-deporte-la-musica-y-el-cine-en-la-boda-de-taylor-swift-en-nueva-york/
e7f923475c,PES-28239d6140,PES-cc7f62e4cb,citado_com,03/07/2026,03/07/2026,1,https://www.infobae.com/america/agencias/2026/07/04/estrellas-del-deporte-la-musica-y-el-cine-en-la-boda-de-taylor-swift-en-nueva-york/
0735a8f1c1,PES-1ec837ec07,PES-b757ea654b,citado_com,03/07/2026,03/07/2026,1,https://www.infobae.com/america/agencias/2026/07/04/estrellas-del-deporte-la-musica-y-el-cine-en-la-boda-de-taylor-swift-en-nueva-york/
e0144d262e,PES-1ec837ec07,PES-c552c990ab,citado_com,03/07/2026,03/07/2026,1,https://www.infobae.com/america/agencias/2026/07/04/estrellas-del-deporte-la-musica-y-el-cine-en-la-boda-de-taylor-swift-en-nueva-york/
20bbd87ab3,PES-1ec837ec07,PES-cc7f62e4cb,citado_com,03/07/2026,03/07/2026,1,https://www.infobae.com/america/agencias/2026/07/04/estrellas-del-deporte-la-musica-y-el-cine-en-la-boda-de-taylor-swift-en-nueva-york/
ae6a061bea,PES-5cbe8b23c1,PES-b757ea654b,citado_com,03/07/2026,03/07/2026,1,https://www.infobae.com/america/agencias/2026/07/04/estrellas-del-deporte-la-musica-y-el-cine-en-la-boda-de-taylor-swift-en-nueva-york/
1bdbaff529,PES-5cbe8b23c1,PES-c552c990ab,citado_com,03/07/2026,03/07/2026,1,https://www.infobae.com/america/agencias/2026/07/04/estrellas-del-deporte-la-musica-y-el-cine-en-la-boda-de-taylor-swift-en-nueva-york/
812cf21205,PES-5cbe8b23c1,PES-cc7f62e4cb,citado_com,03/07/2026,03/07/2026,1,https://www.infobae.com/america/agencias/2026/07/04/estrellas-del-deporte-la-musica-y-el-cine-en-la-boda-de-taylor-swift-en-nueva-york/
2ebc7af74d,PES-b757ea654b,PES-c552c990ab,citado_com,03/07/2026,03/07/2026,1,https://www.infobae.com/america/agencias/2026/07/04/estrellas-del-deporte-la-musica-y-el-cine-en-la-boda-de-taylor-swift-en-nueva-york/
db64f3a4d5,PES-b757ea654b,PES-cc7f62e4cb,citado_com,03/07/2026,03/07/2026,1,https://www.infobae.com/america/agencias/2026/07/04/estrellas-del-deporte-la-musica-y-el-cine-en-la-boda-de-taylor-swift-en-nueva-york/
7a3e855fef,PES-c552c990ab,PES-cc7f62e4cb,citado_com,03/07/2026,03/07/2026,1,https://www.infobae.com/america/agencias/2026/07/04/estrellas-del-deporte-la-musica-y-el-cine-en-la-boda-de-taylor-swift-en-nueva-york/
7f3f279932,PES-f4c88ed081,PES-aa81818eb6,citado_com,03/07/2026,03/07/2026,1,https://redir.folha.com.br/redir/online/emcimadahora/rss091/*https://www1.folha.uol.com.br/poder/2026/07/e-a-mulherada-que-manda-diz-flavio-bolsonaro-apos-desgaste-com-michelle-e-fala-de-aliado.shtml
3b7ea631bd,PES-1ea086c1d8,PES-2f2edf58e8,citado_com,03/07/2026,03/07/2026,1,https://www.aljazeera.com/news/2026/7/3/iran-begins-week-of-funeral-ceremonies-for-slain-supreme-leader-khamenei?traffic_source=rss
d035f5bf39,PES-04021a791e,PES-2f2edf58e8,citado_com,03/07/2026,03/07/2026,1,https://www.aljazeera.com/news/2026/7/3/iran-begins-week-of-funeral-ceremonies-for-slain-supreme-leader-khamenei?traffic_source=rss
17ca5e411a,PES-239b81de40,PES-2f2edf58e8,citado_com,03/07/2026,03/07/2026,1,https://www.aljazeera.com/news/2026/7/3/iran-begins-week-of-funeral-ceremonies-for-slain-supreme-leader-khamenei?traffic_source=rss
3896f5a2d7,PES-129e74884a,PES-2f2edf58e8,citado_com,03/07/2026,03/07/2026,1,https://www.aljazeera.com/news/2026/7/3/iran-begins-week-of-funeral-ceremonies-for-slain-supreme-leader-khamenei?traffic_source=rss
22055e46af,PES-28c10e9b6d,PES-cf7b07207c,citado_com,03/07/2026,03/07/2026,1,https://www.infobae.com/america/agencias/2026/07/04/peru-confirma-siete-connacionales-desaparecidos-y-tres-muertos-en-venezuela-por-terremotos/
2b608cb6de,PES-28c10e9b6d,PES-bc5ce522f3,citado_com,03/07/2026,03/07/2026,1,https://www.infobae.com/america/agencias/2026/07/04/peru-confirma-siete-connacionales-desaparecidos-y-tres-muertos-en-venezuela-por-terremotos/
b49ffb501a,PES-28c10e9b6d,PES-4a4d5e3869,citado_com,03/07/2026,03/07/2026,1,https://www.infobae.com/america/agencias/2026/07/04/peru-confirma-siete-connacionales-desaparecidos-y-tres-muertos-en-venezuela-por-terremotos/
5286c8037d,PES-28c10e9b6d,PES-0fd22c23b5,citado_com,03/07/2026,03/07/2026,1,https://www.infobae.com/america/agencias/2026/07/04/peru-confirma-siete-connacionales-desaparecidos-y-tres-muertos-en-venezuela-por-terremotos/
00ca6471a1,PES-28c10e9b6d,PES-aefa6bdd46,citado_com,03/07/2026,03/07/2026,1,https://www.infobae.com/america/agencias/2026/07/04/peru-confirma-siete-connacionales-desaparecidos-y-tres-muertos-en-venezuela-por-terremotos/
efc472696a,PES-cf7b07207c,PES-bc5ce522f3,citado_com,03/07/2026,03/07/2026,1,https://www.infobae.com/america/agencias/2026/07/04/peru-confirma-siete-connacionales-desaparecidos-y-tres-muertos-en-venezuela-por-terremotos/
298cba7c30,PES-cf7b07207c,PES-4a4d5e3869,citado_com,03/07/2026,03/07/2026,1,https://www.infobae.com/america/agencias/2026/07/04/peru-confirma-siete-connacionales-desaparecidos-y-tres-muertos-en-venezuela-por-terremotos/
a51f0f89ce,PES-cf7b07207c,PES-0fd22c23b5,citado_com,03/07/2026,03/07/2026,1,https://www.infobae.com/america/agencias/2026/07/04/peru-confirma-siete-connacionales-desaparecidos-y-tres-muertos-en-venezuela-por-terremotos/
caf0dd1886,PES-cf7b07207c,PES-aefa6bdd46,citado_com,03/07/2026,03/07/2026,1,https://www.infobae.com/america/agencias/2026/07/04/peru-confirma-siete-connacionales-desaparecidos-y-tres-muertos-en-venezuela-por-terremotos/
c7b92248e3,PES-bc5ce522f3,PES-4a4d5e3869,citado_com,03/07/2026,03/07/2026,1,https://www.infobae.com/america/agencias/2026/07/04/peru-confirma-siete-connacionales-desaparecidos-y-tres-muertos-en-venezuela-por-terremotos/
e0e5c59ff4,PES-bc5ce522f3,PES-0fd22c23b5,citado_com,03/07/2026,03/07/2026,1,https://www.infobae.com/america/agencias/2026/07/04/peru-confirma-siete-connacionales-desaparecidos-y-tres-muertos-en-venezuela-por-terremotos/
c6e7631c2d,PES-bc5ce522f3,PES-aefa6bdd46,citado_com,03/07/2026,03/07/2026,1,https://www.infobae.com/america/agencias/2026/07/04/peru-confirma-siete-connacionales-desaparecidos-y-tres-muertos-en-venezuela-por-terremotos/
93a86ff5e1,PES-4a4d5e3869,PES-0fd22c23b5,citado_com,03/07/2026,03/07/2026,1,https://www.infobae.com/america/agencias/2026/07/04/peru-confirma-siete-connacionales-desaparecidos-y-tres-muertos-en-venezuela-por-terremotos/
edcef3e202,PES-4a4d5e3869,PES-aefa6bdd46,citado_com,03/07/2026,03/07/2026,1,https://www.infobae.com/america/agencias/2026/07/04/peru-confirma-siete-connacionales-desaparecidos-y-tres-muertos-en-venezuela-por-terremotos/
eb4eda0ab6,PES-0fd22c23b5,PES-aefa6bdd46,citado_com,03/07/2026,03/07/2026,1,https://www.infobae.com/america/agencias/2026/07/04/peru-confirma-siete-connacionales-desaparecidos-y-tres-muertos-en-venezuela-por-terremotos/
45922cfde5,PES-3ce6187b4e,PES-9eb4fb8ca5,citado_com,03/07/2026,03/07/2026,1,https://www.estadao.com.br/politica/blog-do-fausto-macedo/sintonia-da-gravata-policia-prende-nove-advogados-na-bahia-por-ligacao-com-cv-e-bonde-do-maluco/
49d20ff8aa,PES-3ce6187b4e,PES-168f0bd114,citado_com,03/07/2026,03/07/2026,1,https://www.estadao.com.br/politica/blog-do-fausto-macedo/sintonia-da-gravata-policia-prende-nove-advogados-na-bahia-por-ligacao-com-cv-e-bonde-do-maluco/
9cdc8cb80e,PES-3ce6187b4e,PES-76bbd3d500,citado_com,03/07/2026,03/07/2026,1,https://www.estadao.com.br/politica/blog-do-fausto-macedo/sintonia-da-gravata-policia-prende-nove-advogados-na-bahia-por-ligacao-com-cv-e-bonde-do-maluco/
d2b336d115,PES-9eb4fb8ca5,PES-168f0bd114,citado_com,03/07/2026,03/07/2026,1,https://www.estadao.com.br/politica/blog-do-fausto-macedo/sintonia-da-gravata-policia-prende-nove-advogados-na-bahia-por-ligacao-com-cv-e-bonde-do-maluco/
d71273bb35,PES-9eb4fb8ca5,PES-76bbd3d500,citado_com,03/07/2026,03/07/2026,1,https://www.estadao.com.br/politica/blog-do-fausto-macedo/sintonia-da-gravata-policia-prende-nove-advogados-na-bahia-por-ligacao-com-cv-e-bonde-do-maluco/
a8e93ba072,PES-168f0bd114,PES-76bbd3d500,citado_com,03/07/2026,03/07/2026,1,https://www.estadao.com.br/politica/blog-do-fausto-macedo/sintonia-da-gravata-policia-prende-nove-advogados-na-bahia-por-ligacao-com-cv-e-bonde-do-maluco/
23ef0c479e,PES-346874cd7c,PES-8fe8ddf8c7,citado_com,03/07/2026,03/07/2026,1,https://www.estadao.com.br/esportes/copa-do-mundo/presidente-da-federacao-de-cabo-verde-defende-presuncao-de-inocencia-em-caso-envolvendo-ryan-mendes/
69b58ae912,PES-346874cd7c,PES-ab25128374,citado_com,03/07/2026,03/07/2026,1,https://www.estadao.com.br/esportes/copa-do-mundo/presidente-da-federacao-de-cabo-verde-defende-presuncao-de-inocencia-em-caso-envolvendo-ryan-mendes/
118659f94c,PES-346874cd7c,PES-f935711b40,citado_com,03/07/2026,03/07/2026,1,https://www.estadao.com.br/esportes/copa-do-mundo/presidente-da-federacao-de-cabo-verde-defende-presuncao-de-inocencia-em-caso-envolvendo-ryan-mendes/
fa6b0745a4,PES-346874cd7c,PES-d2b93610be,citado_com,03/07/2026,03/07/2026,1,https://www.estadao.com.br/esportes/copa-do-mundo/presidente-da-federacao-de-cabo-verde-defende-presuncao-de-inocencia-em-caso-envolvendo-ryan-mendes/
a7cdfd772b,PES-346874cd7c,PES-cdb9708c1d,citado_com,03/07/2026,03/07/2026,1,https://www.estadao.com.br/esportes/copa-do-mundo/presidente-da-federacao-de-cabo-verde-defende-presuncao-de-inocencia-em-caso-envolvendo-ryan-mendes/
5a7c8def24,PES-8fe8ddf8c7,PES-ab25128374,citado_com,03/07/2026,03/07/2026,1,https://www.estadao.com.br/esportes/copa-do-mundo/presidente-da-federacao-de-cabo-verde-defende-presuncao-de-inocencia-em-caso-envolvendo-ryan-mendes/
850dac70a4,PES-8fe8ddf8c7,PES-f935711b40,citado_com,03/07/2026,03/07/2026,1,https://www.estadao.com.br/esportes/copa-do-mundo/presidente-da-federacao-de-cabo-verde-defende-presuncao-de-inocencia-em-caso-envolvendo-ryan-mendes/
15e1b6cfd3,PES-8fe8ddf8c7,PES-d2b93610be,citado_com,03/07/2026,03/07/2026,1,https://www.estadao.com.br/esportes/copa-do-mundo/presidente-da-federacao-de-cabo-verde-defende-presuncao-de-inocencia-em-caso-envolvendo-ryan-mendes/
58cbb973fb,PES-8fe8ddf8c7,PES-cdb9708c1d,citado_com,03/07/2026,03/07/2026,1,https://www.estadao.com.br/esportes/copa-do-mundo/presidente-da-federacao-de-cabo-verde-defende-presuncao-de-inocencia-em-caso-envolvendo-ryan-mendes/
ab7b02606d,PES-ab25128374,PES-f935711b40,citado_com,03/07/2026,03/07/2026,1,https://www.estadao.com.br/esportes/copa-do-mundo/presidente-da-federacao-de-cabo-verde-defende-presuncao-de-inocencia-em-caso-envolvendo-ryan-mendes/
e626c2a22e,PES-ab25128374,PES-d2b93610be,citado_com,03/07/2026,03/07/2026,1,https://www.estadao.com.br/esportes/copa-do-mundo/presidente-da-federacao-de-cabo-verde-defende-presuncao-de-inocencia-em-caso-envolvendo-ryan-mendes/
24bacebe7a,PES-ab25128374,PES-cdb9708c1d,citado_com,03/07/2026,03/07/2026,1,https://www.estadao.com.br/esportes/copa-do-mundo/presidente-da-federacao-de-cabo-verde-defende-presuncao-de-inocencia-em-caso-envolvendo-ryan-mendes/
3d795186af,PES-f935711b40,PES-d2b93610be,citado_com,03/07/2026,03/07/2026,1,https://www.estadao.com.br/esportes/copa-do-mundo/presidente-da-federacao-de-cabo-verde-defende-presuncao-de-inocencia-em-caso-envolvendo-ryan-mendes/
d9fd98951b,PES-f935711b40,PES-cdb9708c1d,citado_com,03/07/2026,03/07/2026,1,https://www.estadao.com.br/esportes/copa-do-mundo/presidente-da-federacao-de-cabo-verde-defende-presuncao-de-inocencia-em-caso-envolvendo-ryan-mendes/
d2cd8dc3d5,PES-d2b93610be,PES-cdb9708c1d,citado_com,03/07/2026,03/07/2026,1,https://www.estadao.com.br/esportes/copa-do-mundo/presidente-da-federacao-de-cabo-verde-defende-presuncao-de-inocencia-em-caso-envolvendo-ryan-mendes/
07e51d1546,VIP-ad1517aafe,PES-a6983c8c6a,mencionado_com,03/07/2026,03/07/2026,1,https://redir.folha.com.br/redir/online/emcimadahora/rss091/*https://www1.folha.uol.com.br/paineldoleitor/2026/07/parece-que-os-eua-precipitaram-uma-acao-que-poderia-ser-mais-eficiente-diz-leitor.shtml
